[{"question":"Quelle est la premiere ecole de codage gratuite du Senegal","points":"5","type":"simple","reponse":{"num":[1,3],"rep":["Sonatel Academy","Simplon"]},"reponseJuste":["reponse1"],"dejaJoue":["Mignon"]},{"question":"Le programme qui fait la traduction en language binaire est dit","points":"10","type":"simple","reponse":{"num":[1,2,3],"rep":["Un compilateur","Un debugger","Un editeur de texte"]},"reponseJuste":["reponse1"],"dejaJoue":["Mignon"]},{"question":"Le language binaire est compose de","points":"8","type":"simple","reponse":{"num":[1,2,3],"rep":["Des lettres de A a F","Chiffres de 0 a 9","Chiffres 0 et 1"]},"reponseJuste":["reponse3"],"dejaJoue":[]},{"question":"En quelle annee est apparu le covid 19","points":"5","type":"texte","reponse":["2019"],"reponseJuste":"2019","dejaJoue":["Mignon"]},{"question":"Dans lequel(s) de ces pays sevit le covid19\r\nactuellement","points":"7","type":"multiple","reponse":["Senegal","Mauritanie","Etats-Unis"],"reponseJuste":["Senegal","Etats-Unis"],"dejaJoue":[]},{"question":"Lequel(s) de ces languages peut on utiliser cote serveur","points":"9","type":"multiple","reponse":["PHP","Java"],"reponseJuste":["PHP","Java"],"dejaJoue":["Mignon"]},{"question":"Lequel(s) de ces languages est(sont) utilise(s) en fronted","points":"4","type":"multiple","reponse":["javascript","html","php"],"reponseJuste":["javascript","html"],"dejaJoue":[]},{"question":"Abdou veut faire le design de sa page. Quel language le conseillerez-vous?","points":"8","type":"simple","reponse":{"num":[1,2,3],"rep":["php","css","ruby"]},"reponseJuste":["reponse2"],"dejaJoue":[]},{"question":"Quelle est la premiere puissance economique mondiale","points":"9","type":"simple","reponse":{"num":[1,2,3],"rep":["Allemagne","Les Etats-Unis","Chine"]},"reponseJuste":["reponse2"],"dejaJoue":["Mignon"]},{"question":"Quelle est la premiere puissance economique africaine","points":"11","type":"simple","reponse":{"num":[1,2],"rep":["Nigeria","Senegal"]},"reponseJuste":["reponse1"],"dejaJoue":"non"},{"question":"Lequel(s) de ces languages est(sont) un(des) language(s) informatique(s)","points":"6","type":"multiple","reponse":["ruby","Airb","java","python"],"reponseJuste":["ruby","java","python"],"dejaJoue":["Mignon"]},{"question":"A quoi sert un editeur de texte","points":"6","type":"simple","reponse":{"num":[1,2,3],"rep":["Debugger","Compiler un programme","Rediger un programme"],"dejaJoue":[]},"reponseJuste":["reponse3"]},{"question":"Une erreur survenue au cours de mise en oeuvre d'un programme informatique est","points":"3","type":"texte","reponse":["bug"],"reponseJuste":"bug","dejaJoue":["Mignon"]},{"question":"Qui a ete le premier president noir de l'Afrique du Sud","points":"4","type":"texte","reponse":["Nelson Mandela"],"reponseJuste":"Nelson Mandela","dejaJoue":[]}]