[[{"nom":"Dione","prenom":"Ndeye Saly","login":"Lissa","password":"saly2020","photo":"asset\/IMG\/salyTof.jpg"},{"nom":"Dione","prenom":"Gallas","login":"Lasga","password":"gallas2020","photo":"asset\/IMG\/gallasTof.jpg"},{"nom":"Diallo","prenom":"Ousmane","login":"ousmane","password":"77777777","photo":"asset\/IMG\/_20171023_085326.jpg"},{"nom":"Ndiaye","prenom":"Fatou","login":"toufa","password":"","photo":"asset\/IMG\/_20180821_121453.JPG"},{"nom":"Fall","prenom":"Seydou","login":"Seydou","password":"777777777","photo":"asset\/IMG\/africanity 1.png","meilleurScore":0},{"nom":"Mendy","prenom":"Rita","login":"ritamendy","password":"77777777","photo":"asset\/IMG\/courtney.jpg","meilleurScore":0},{"nom":"Diop","prenom":"Ass","login":"ass12","password":"77777777","photo":"asset\/IMG\/4eebf7e58cbd5b93463e2e9272467b88.png","meilleurScore":0},{"nom":"Dione","prenom":"Ndeye Saly","login":"admin","password":"admin","photo":"asset\/IMG\/black blanc.jpg","meilleurScore":0}],[{"nom":"Gning","prenom":"Papa Youssou","login":"Mignon","password":"mignon2020","photo":"asset\/IMG\/mignonTof.jpg","meilleurScore":18},{"nom":"Dione","prenom":"Lissa","login":"Saly","password":"saly123","photo":"asset\/IMG\/lissa.jpg","meilleurScore":6},{"nom":"Fall","prenom":"Khady","login":"khady","password":"khady123","photo":"asset\/IMG\/lissa.jpg","meilleurScore":45},{"nom":"Mbaye","prenom":"Arame","login":"Arame","password":"saly123","photo":"asset\/IMG\/lissa.jpg","meilleurScore":90},{"nom":"Fall","prenom":"Assane","login":"Ass","password":"saly123","photo":"asset\/IMG\/lissa.jpg","meilleurScore":10},{"nom":"Diop","prenom":"Leila","login":"Leila","password":"saly123","photo":"asset\/IMG\/lissa.jpg","meilleurScore":0},{"nom":"Ka","prenom":"Mamadou","login":"Momo","password":"saly123","photo":"asset\/IMG\/lissa.jpg","meilleurScore":8},{"nom":"Sall","prenom":"Abdou","login":"abdou","password":"77777777","photo":"asset\/IMG\/_20180821_121453.JPG","meilleurScore":6},{"nom":"Gueye","prenom":"Sarah","login":"Sarah","password":"77777777","photo":"asset\/IMG\/_20180821_121510.JPG","meilleurScore":5},{"nom":"Fall","prenom":"Karim","login":"Karim","password":"77777777","photo":"asset\/IMG\/_20180821_121453.JPG","meilleurScore":10},{"nom":"Gaye","prenom":"Idy","login":"idy2019","password":"77777777","photo":"asset\/IMG\/1a01914f2132c7467f1411000d1dcf62.jpg","meilleurScore":20},{"nom":"Fall","prenom":"Awa","login":"Awa","password":"77777777","photo":"asset\/IMG\/africanity 1.png","meilleurScore":105},{"nom":"Wade","prenom":"Sokha","login":"sokhou","password":"77777777","photo":"asset\/IMG\/africanity 1.png","meilleurScore":23},{"nom":"Niang","prenom":"Kepa","login":"Kepa Jr","password":"77777777","photo":"asset\/IMG\/africanity 1.png","meilleurScore":44},{"nom":"Diop","prenom":"Tapha","login":"mustafa","password":"77777777","photo":"asset\/IMG\/africanity 1.png","meilleurScore":43},{"nom":"Diagne","prenom":"Ibou","login":"ibou","password":"77777777","photo":"asset\/IMG\/africanity 1.png","meilleurScore":50},{"nom":"Gueye","prenom":"Famara","login":"famara","password":"77777777","photo":"asset\/IMG\/africanity 1.png","meilleurScore":43},{"nom":"Sall","prenom":"Awa","login":"awa","password":"77777777","photo":"asset\/IMG\/africanity 1.png","meilleurScore":102},{"nom":"Diop","prenom":"Dieynaba","login":"dieynaba","password":"77777777","photo":"asset\/IMG\/africanity 1.png","meilleurScore":28},{"nom":"Faye","prenom":"Abdoulaye","login":"abdou333","password":"77777777","photo":"asset\/IMG\/africanity 1.png","meilleurScore":32},{"nom":"Yade","prenom":"Aminata","login":"aminata","password":"77777777","photo":"asset\/IMG\/africanity 1.png","meilleurScore":67},{"nom":"Fall","prenom":"Ndeye Fatou","login":"ndeyaf56","password":"77777777","photo":"asset\/IMG\/africanity 1.png","meilleurScore":29},{"nom":"Diallo","prenom":"Saliou","login":"saliou","password":"77777777","photo":"asset\/IMG\/africanity 1.png","meilleurScore":56},{"nom":"Dione","prenom":"Kara","login":"kara","password":"77777777","photo":"asset\/IMG\/africanity 1.png","meilleurScore":34},{"nom":"Diouf","prenom":"Diarra","login":"diarra","password":"77777777","photo":"asset\/IMG\/africanity 1.png","meilleurScore":43},{"nom":"Ndiaye","prenom":"Binta","login":"binta","password":"77777777","photo":"asset\/IMG\/africanity 1.png","meilleurScore":50},{"nom":"Deme","prenom":"Kadiata","login":"kadiata","password":"77777777","photo":"asset\/IMG\/africanity 1.png","meilleurScore":80},{"nom":"Ndiaye","prenom":"Souley","login":"souley","password":"77777777","photo":"asset\/IMG\/africanity 1.png","meilleurScore":102},{"nom":"Diatta","prenom":"Christine","login":"christine","password":"77777777","photo":"asset\/IMG\/africanity 1.png","meilleurScore":76},{"nom":"Faye","prenom":"Tabara","login":"tabara","password":"77777777","photo":"","meilleurScore":19},{"nom":"Fall","prenom":"Rita","login":"joueur","password":"joueur","photo":"asset\/IMG\/courtney.jpg","meilleurScore":0},{"nom":"Gueye","prenom":"Mame","login":"mame","password":"77777777","photo":"asset\/IMG\/africanity 1.png","meilleurScore":0}]]