[{"question":"Abdou veut faire le design de sa page. Quel language le conseillerez-vous?","repGiven0":"","numQst":"0","points":null,"src":null,"repCorrect":null,"repIncorrect":null},{"question":"Le programme qui fait la traduction en language binaire est dit","repGiven1":"","numQst":"1","points":null,"src":null,"repCorrect":null,"repIncorrect":null},{"question":"Qui a ete le premier president noir de l'Afrique du Sud","repGiven2":null,"numQst":"2","points":null,"src":null,"repCorrect":null,"repIncorrect":null},{"question":"tyyt12","repGiven3":"","numQst":"3","points":null,"src":null,"repCorrect":null,"repIncorrect":null},{"question":"Quelle est la premiere puissance economique mondiale","repGiven4":"","numQst":"4","points":null,"src":null,"repCorrect":null,"repIncorrect":null},{"question":"En quelle annee est apparu le covid 19","repGiven5":null,"numQst":"5","points":null,"src":null,"repCorrect":null,"repIncorrect":null}]